URI,ID
https://qau.edu.pk/,1
https://qau.edu.pk/qaunotifications/FinalDateSheetBachelorsandMastersLastSpecialExamination2024.pdf,2
https://qau.edu.pk/qaunotifications/M.PhilListQASMSSpring2024.pdf,3
"https://qau.edu.pk/ict/FinalDatesheetBSADP1,3,5,7,9,11Fall2023.pdf",4
http://elections.qau.edu.pk/,5
http://oric.qau.edu.pk/,6
https://qau.edu.pk/affiliated-colleges/,7
https://qau.edu.pk/list-of-affiliated-institutes-qau/,8
https://qau.edu.pk/financial-assistancescholarships/,9
http://lib.qau.edu.pk/,10
https://qau.edu.pk/downloads/,11
https://jobs.qau.edu.pk/,12
https://qau.edu.pk/contact-list/,13
http://alumni.qau.edu.pk/,14
http://gmail.qau.edu.pk/,15
http://jobs.qau.edu.pk/,16
https://qau.edu.pk/university-news/,17
https://qau.edu.pk/events-qau/,18
http://e5.onthehub.com/WebStore/Security/Signin.aspx?ws=96ef9737-e2c1-e011-ae14-f04da23e67f6&vsro=8&action=signout&JSEnabled=1,19
https://qau.edu.pk/international-students/,20
http://ws.qau.edu.pk/,21
https://qau.edu.pk/introduction/,22
https://qau.edu.pk/vision-statement/,23
https://qau.edu.pk/mission/,24
https://qau.edu.pk/core-values-qau/,25
https://qau.edu.pk/qau-googlemap/,26
https://qau.edu.pk/message-from-vc/,27
https://qau.edu.pk/message-from-dean-biological-sciences/,28
https://qau.edu.pk/message-from-dean-medicine/,29
https://qau.edu.pk/message-from-dean-natural-sciences/,30
https://qau.edu.pk/message-from-dean-social-sciences/,31
https://qau.edu.pk/message-from-registrar/,32
https://qau.edu.pk/libraries/,33
https://qau.edu.pk/transport/,34
https://qau.edu.pk/student-accommodation/,35
https://qau.edu.pk/games-and-sports/,36
https://qau.edu.pk/cafeteria-and-shops/,37
https://qau.edu.pk/utility-store/,38
https://qau.edu.pk/bank/,39
https://qau.edu.pk/mosque/,40
https://qau.edu.pk/campus-security/,41
https://qau.edu.pk/medical-services/,42
https://qau.edu.pk/postal-services/,43
https://qau.edu.pk/central-workshop/,44
https://qau.edu.pk/organization-chart/,45
https://qau.edu.pk/about-vc/,46
https://qau.edu.pk/syndicate/,47
https://qau.edu.pk/selection-board/,48
https://qau.edu.pk/vc-staff-member/,49
https://qau.edu.pk/about-the-registrar-office/,50
https://qau.edu.pk/stakeholders-of-the-registrar-office/,51
https://qau.edu.pk/broad-functions-of-the-registrar-office/,52
https://qau.edu.pk/registrar-office-sections/,53
https://qau.edu.pk/support-that-the-office-offers/,54
https://qau.edu.pk/what-is-handled-elsewhere/,55
https://qau.edu.pk/staff-member/,56
https://qau.edu.pk/office-of-the-treasurer/,57
https://qau.edu.pk/sections/,58
https://qau.edu.pk/functions/,59
https://qau.edu.pk/awards-financial-aid/,60
https://qau.edu.pk/tuition-fees/,61
https://qau.edu.pk/staff-members/,62
https://qau.edu.pk/academics-directorate/,63
https://fbs.qau.edu.pk/,64
https://fns.qau.edu.pk/,65
https://fss.qau.edu.pk/,66
https://qau.edu.pk/message-from-the-admissions-office/,67
https://qau.edu.pk/examinations-office/,68
https://qau.edu.pk/rules-regulations-relating-to-bs-lateral-entry-programme/,69
https://qau.edu.pk/rules-regulations-for-b-a-ll-b5-years/,70
https://qau.edu.pk/regulations-relating-to-doctor-of-pharmacy-pharm-d/,71
https://qau.edu.pk/rules-regulations-relating-to-bs-program-morning-evening/,72
https://qau.edu.pk/msc-mba-mpa-examinations-rules/,73
https://qau.edu.pk/mphil-examination-rules/,74
https://qau.edu.pk/phd-procedures/,75
https://qau.edu.pk/convocations/,76
https://qau.edu.pk/secrecy-section/,77
https://qau.edu.pk/list-of-graduates-awarded-medals/,78
https://qau.edu.pk/list-of-phds/,79
https://qau.edu.pk/staff-member-examinations/,80
https://qau.edu.pk/grant-of-affiliation/,81
https://qau.edu.pk/affiliation-procedure/,82
https://qau.edu.pk/life-at-campus/,83
https://qau.edu.pk/2nd-international-buddhist-conference-and-art-festival-showcases-pakistans-rich-buddhist-heritage/,84
https://qau.edu.pk/minister-for-planning-and-development-inaugurates-three-centers-to-produce-world-class-researchers-at-qau/,85
http://ugadmissions.qau.edu.pk/oas/app/index.aspx,86
https://qau.edu.pk/fees-structure/,87
https://qau.edu.pk/undergraduate-programme-qau/,88
https://qau.edu.pk/lateral-entry-in-5th-semester-of-bs/,89
https://qau.edu.pk/mphil-ms-programme/,90
https://qau.edu.pk/phd-programme-offer/,91
https://qau.edu.pk/facilities-qau/,92
http://qau.edu.pk/university-news/,93
https://qau.edu.pk/quaid-i-azam-university-had-the-pleasure-of-welcoming-an-esteemed-panel-from-devsinc-the-fastest-growing-software-development-and-consulting-company-in-pakistan-committed-to-shaping-the-future-of-pa/,94
https://qau.edu.pk/pakistani-scientists-reveal-genetic-clues-to-lower-covid-19-contagion/,95
https://qau.edu.pk/qasms-qau-hosts-seminar-on-gender-inclusion-for-a-better-society/,96
https://qau.edu.pk/events/international-symposium-on-the-buddhist-heritage-of-gandhara/,97
https://qau.edu.pk/events/youth-expo/,98
https://qau.edu.pk/events/2nd-international-conference-and-art-festival-on-the-buddhist-heritage-of-pakistan/,99
http://oric.qau.edu.pk/?page_id=31,100
http://oric.qau.edu.pk/wp-content/uploads/2013/10/Business-Incubation-Centre.pdf,101
http://oric.qau.edu.pk/?page_id=67,102
http://chem.qau.edu.pk/,103
http://cs.qau.edu.pk/,104
http://geo.qau.edu.pk,105
http://ele.qau.edu.pk,106
http://iit.qau.edu.pk/,107
http://math.qau.edu.pk/,108
http://phys.qau.edu.pk/,109
http://stat.qau.edu.pk/,110
http://zoo.qau.edu.pk/,111
http://bch.qau.edu.pk/,112
http://bit.qau.edu.pk/,113
http://ncb.qau.edu.pk/,114
http://es.qau.edu.pk/,115
http://mic.qau.edu.pk/,116
http://bps.qau.edu.pk/,117
http://pharm.qau.edu.pk/,118
http://anth.qau.edu.pk/,119
http://tiac.qau.edu.pk/,120
http://qasms.qau.edu.pk/,121
http://dss.qau.edu.pk/,122
http://eco.qau.edu.pk/,123
http://english.qau.edu.pk/,124
http://hist.qau.edu.pk/,125
http://spir.qau.edu.pk/,126
http://law.qau.edu.pk/,127
https://nip.edu.pk/,128
http://soc.qau.edu.pk/,129
https://cegs.edu.pk/,130
http://asc.qau.edu.pk,131
http://nihcr.edu.pk/,132
https://qau.edu.pk/asifpaul/?action=lostpassword,133
https://www.facebook.com/QAUIslamabadofficial,134
http://elections.qau.edu.pk/registration,135
http://elections.qau.edu.pk/committee,136
http://elections.qau.edu.pk/newnupdate,137
http://elections.qau.edu.pk/aec,138
http://elections.qau.edu.pk/election,139
http://elections.qau.edu.pk/contact,140
http://elections.qau.edu.pk,141
http://elections.qau.edu.pk/#animated-sldier,142
http://oric.qau.edu.pk,143
http://oric.qau.edu.pk/?page_id=48,144
http://oric.qau.edu.pk/?page_id=73,145
http://oric.qau.edu.pk/?page_id=77,146
http://oric.qau.edu.pk/?page_id=2,147
http://oric.qau.edu.pk/?page_id=529,148
http://oric.qau.edu.pk/?page_id=167,149
http://oric.qau.edu.pk/?page_id=391,150
http://oric.qau.edu.pk/?page_id=415,151
http://oric.qau.edu.pk/?page_id=462,152
http://oric.qau.edu.pk/?page_id=480,153
http://oric.qau.edu.pk/?page_id=159,154
http://oric.qau.edu.pk/?page_id=318,155
http://oric.qau.edu.pk/?page_id=161,156
http://oric.qau.edu.pk/?page_id=169,157
http://oric.qau.edu.pk/?page_id=538,158
http://oric.qau.edu.pk/?page_id=544,159
http://oric.qau.edu.pk/?page_id=21,160
http://oric.qau.edu.pk/?page_id=10,161
http://oric.qau.edu.pk/?p=490,162
http://oric.qau.edu.pk/?p=478,163
http://oric.qau.edu.pk/?p=450,164
http://oric.qau.edu.pk/?p=444,165
http://oric.qau.edu.pk/wp-content/themes/deluxe/images/icons/some_big_1.jpg,166
http://oric.qau.edu.pk/wp-content/themes/deluxe/images/icons/mission-n-vision.gif,167
http://oric.qau.edu.pk/wp-content/themes/deluxe/images/icons/medicalResearch.jpg,168
https://qau.edu.pk/Downloads/Affiliation%20form%20%28dynamic%29.docx,169
https://qau.edu.pk/Downloads/Affiliation form (static).doc,170
https://qau.edu.pk/details-of-scholarships-awarded-2019-22/,171
https://qau.edu.pk/qau-financial-assistance/,172
https://qau.edu.pk/merit-scholarships-fellowships/,173
https://qau.edu.pk/qau-alumni-scholarships/,174
https://qau.edu.pk/scholarships-by-the-higher-education-commission-and-other-organizations/,175
https://qau.edu.pk/endowment-scholarships/,176
https://qau.edu.pk/provincial-endowment-scholarships/,177
https://qau.edu.pk/scholarships-by-individual-donors/,178
https://qau.edu.pk/other-scholarships/,179
https://qau.edu.pk/continuation-of-scholarships/,180
https://qau.edu.pk/management-of-the-osfa/,181
https://qau.edu.pk/contact-us-osfa/,182
http://lib.qau.edu.pk/#content,183
https://lib.qau.edu.pk/,184
https://lib.qau.edu.pk/drsm-library/,185
https://lib.qau.edu.pk/rules-and-regulations/,186
https://lib.qau.edu.pk/vision-mission-and-values/,187
https://lib.qau.edu.pk/collection-organization/,188
https://lib.qau.edu.pk/library-services/,189
https://lib.qau.edu.pk/library-hours-and-holidays/,190
https://lib.qau.edu.pk/officers-with-section-information/,191
https://lib.qau.edu.pk/contact/,192
https://lib.qau.edu.pk/seminar-library/,193
https://lib.qau.edu.pk/national-digital-library/,194
https://lib.qau.edu.pk/terms-and-conditions/,195
https://lib.qau.edu.pk/copyright/,196
https://lib.qau.edu.pk/e-library/,197
https://lib.qau.edu.pk/e-resource/,198
https://lib.qau.edu.pk/e-books/,199
https://lib.qau.edu.pk/e-journals/,200
https://lib.qau.edu.pk/open-access-sources/,201
https://lib.qau.edu.pk/ask-librarian/,202
https://lib.qau.edu.pk/help-desk/,203
http://lib.qau.edu.pk/opac/,204
http://lib.qau.edu.pk/e-resource/,205
http://www.digitallibrary.edu.pk/quaideazam.html,206
http://lib.qau.edu.pk/drsm_cc_qau/opac,207
http://lib.qau.edu.pk/seminar-library/,208
http://lib.qau.edu.pk/ask-librarian/,209
http://lib.qau.edu.pk/library-services/,210
https://lib.qau.edu.pk/hello-world/,211
https://lib.qau.edu.pk/new-library/,212
https://lib.qau.edu.pk/upcoming-expo/,213
https://wordpress.org/,214
http://lib.qau.edu.pk/#masthead,215
https://qau.edu.pk/admissions-downloads/,216
https://qau.edu.pk/affiliation-for-colleges/,217
https://qau.edu.pk/cms-guide/,218
https://qau.edu.pk/auditorium/,219
https://qau.edu.pk/examinations-download/,220
https://qau.edu.pk/faculty-employee/,221
https://qau.edu.pk/ict-colleges-downloads/,222
https://qau.edu.pk/intercom-directory/,223
https://qau.edu.pk/phd-thesis-documents/,224
https://qau.edu.pk/qau-statutes/,225
https://qau.edu.pk/statistical-reports/,226
https://qau.edu.pk/students/,227
https://qau.edu.pk/qau-chronicle-downloads/,228
https://qau.edu.pk/annual-magazine-downloads/,229
https://jobs.qau.edu.pk/BPSApplicationForm13032024.doc,230
https://jobs.qau.edu.pk/MOFEPTGuidelines.pdf,231
http://alumni.qau.edu.pk/login,232
http://alumni.qau.edu.pk/register,233
http://alumni.qau.edu.pk,234
http://alumni.qau.edu.pk/council,235
http://alumni.qau.edu.pk/events,236
http://alumni.qau.edu.pk/about,237
http://alumni.qau.edu.pk/contact,238
http://alumni.qau.edu.pk/#animated-sldier,239
http://alumni.qau.edu.pk/success-stories,240
http://alumni.qau.edu.pk/gallery,241
https://www.facebook.com/Internal-Office-of-QAU-Alumni-Association-2103465373289092/?modal=admin_todo_tour,242
http://www.qau.edu.pk,243
http://qau.edu.pk/scholarship/,244
https://ws.qau.edu.pk/,245
https://qau.edu.pk/seminar-highlights-advanced-therapeutic-approaches-for-neurological-diseases/,246
https://qau.edu.pk/society-for-promotion-of-science-organizes-series-of-seminars-delivered-by-prof-dr-asghar-qadir-hisi/,247
https://qau.edu.pk/enhancing-laboratory-efficiency-biosafety-management-organization/,248
https://qau.edu.pk/international-conference-on-pak-afghanistan-geoeconomic-opportunities-geopolitical-constraints/,249
https://qau.edu.pk/events/1st-international-islamic-economics-and-development-conference-school-of-economics-qau/,250
https://qau.edu.pk/events/balancing-university-life-and-css-ambitions/,251
https://qau.edu.pk/events/the-teach-for-pakistan-2024-fellowship-application-goes-live-in-two-days/,252
https://qau.edu.pk/events/charting-compliance-the-fatf-evaluation-in-india-and-its-impact-on-south-asian-region/,253
https://qau.edu.pk/events/one-hundred-years-of-magnitude/,254
https://qau.edu.pk/events/21st-international-1st-inter-islamic-33rd-national-chemistry-conference/,255
https://www.google.com/adsense/support/bin/answer.py?hl=en&answer=12654,256
http://e5.onthehub.com/WebStore/ProductsByMajorVersionList.aspx?cmi_cs=1&cmi_mnuMain=f4b2ea63-9ba9-e511-9413-b8ca3a5db7a1,257
http://e5.onthehub.com/WebStore/Support/WebStoreHelpContents.aspx,258
http://e5.onthehub.com/WebStore/ProductsByMajorVersionList.aspx?cmi_mnuMain=f4b2ea63-9ba9-e511-9413-b8ca3a5db7a1,259
http://e5.onthehub.com/WebStore/ProductsByMajorVersionList.aspx?cmi_mnuMain=98453cc7-9aa9-e511-9413-b8ca3a5db7a1,260
http://e5.onthehub.com/WebStore/Security/ForgotPassword.aspx,261
https://www.facebook.com/pages/On-The-Hub/25131788360?sid=7fd7b2be4847d87eb78d0e758b86dc7c,262
http://e5.onthehub.com/WebStore/Support/ContactUs.aspx,263
http://e5.onthehub.com/WebStore/Support/SafeShopping.aspx,264
http://e5.onthehub.com/WebStore/Support/PrivacyPolicy.aspx,265
http://e5.onthehub.com/WebStore/Sitemap.aspx,266
https://www.kivuto.com,267
https://qau.edu.pk/merit-calculator-undergraduate/,268
https://qau.edu.pk/ineligibility-criteria-ug/,269
https://qau.edu.pk/bachelor-fee-structure/,270
https://qau.edu.pk/law-admission-test-lat-for-ba-llb-programme/,271
https://qau.edu.pk/equivalence-certificates-and-conversion-of-grades-ug/,272
https://qau.edu.pk/subject-options-bs/,273
https://qau.edu.pk/ug-admissions-on-regular-and-self-finance/,274
https://qau.edu.pk/reserved-seats/,275
https://qau.edu.pk/allocation-of-seats/,276
https://qau.edu.pk/aptitude-tests/,277
https://qau.edu.pk/sample-papers-bs/,278
https://qau.edu.pk/conversion-of-admission-from-self-to-regular-basis/,279
https://qau.edu.pk/admissions-rules-for-sports-quota/,280
https://qau.edu.pk/lateral-entry-in-5th-semester-of-bs-programme-admission-requirements/,281
https://qau.edu.pk/lateral-entry-equivalence-certificates/,282
https://qau.edu.pk/subject-options/,283
https://qau.edu.pk/lateral-entryadmissions-on-regular-and-self-finance/,284
https://qau.edu.pk/eligibility-criteria-mphil-programme/,285
https://qau.edu.pk/procedure-mphil-programme/,286
https://qau.edu.pk/sample-papers-mphil/,287
https://qau.edu.pk/sample-papers-ms/,288
https://qau.edu.pk/mphil-programme-fee-structure/,289
https://qau.edu.pk/ms-information-sciences-technology/,290
https://qau.edu.pk/eligibilty-phd-programme/,291
https://qau.edu.pk/course-work-phd/,292
https://qau.edu.pk/procedure-phd-programme/,293
https://qau.edu.pk/conversion-phd-programme/,294
https://qau.edu.pk/re-admission-phd-programme/,295
https://qau.edu.pk/sample-papers-phd/,296
https://qau.edu.pk/phd-fee-structure/,297
https://qau.edu.pk/guideline-for-obtaining-migration-certificate/,298
https://www.qau.edu.pk/Downloads/Cancellation%20Form.pdf,299
https://www.qau.edu.pk/Downloads/Medium%20of%20Instructions%20Certificate.pdf,300
https://qau.edu.pk/contact-us-admissions/,301
http://ws.qau.edu.pk/introduction/,302
http://ws.qau.edu.pk/financial-assistantships-cell/,303
http://ws.qau.edu.pk/emergency-disaster-cell/,304
http://ws.qau.edu.pk/blood-donation-cell/,305
http://ws.qau.edu.pk/community-welfare-cell/,306
http://ws.qau.edu.pk/the-advisory-board/,307
http://ws.qau.edu.pk/volunteers/,308
http://ws.qau.edu.pk/message-from-vice-chancellor/,309
https://www.youtube.com/channel/UCUSKYJI3HiwD61dAzudmX-w/,310
http://ws.qau.edu.pk/become-a-volunteer/,311
http://ws.qau.edu.pk/latest-news/,312
http://ws.qau.edu.pk/friends-of-qws/,313
http://ws.qau.edu.pk/contact-page/,314
https://www.facebook.com/groups/629290741255247/,315
https://www.facebook.com/QauWelfareSociety/,316
http://ws.qau.edu.pk/appeal-for-donations/,317
https://www.youtube.com/watch?v=l5LLQ2uUhxY,318
http://lib.qau.edu.pk,319
https://qau.edu.pk/about-vc-office/,320
https://qau.edu.pk/admission-section/,321
https://qau.edu.pk/students-financial-assistance/,322
https://qau.edu.pk/meeting-section/,323
https://qau.edu.pk/establishment-section/,324
https://qau.edu.pk/planning-development-directorate/,325
https://qau.edu.pk/administration-section/,326
https://qau.edu.pk/legal-section/,327
https://qau.edu.pk/public-relations-office/,328
https://qau.edu.pk/horticulture-cell/,329
https://qau.edu.pk/security-cell/,330
https://qau.edu.pk/estate-office/,331
https://qau.edu.pk/purchase-store-section/,332
https://qau.edu.pk/hostel-charges/,333
https://fbs.qau.edu.pk/introduction/,334
https://fbs.qau.edu.pk/message/,335
https://fbs.qau.edu.pk/functions/,336
https://fbs.qau.edu.pk/deans-1971-and-onwards/,337
https://fbs.qau.edu.pk/staff/,338
https://fbs.qau.edu.pk/students-research-thesis/,339
https://fbs.qau.edu.pk/books-2/,340
https://fbs.qau.edu.pk/projects/,341
https://fbs.qau.edu.pk/publications/,342
https://fbs.qau.edu.pk/articles/,343
https://fbs.qau.edu.pk/news-events/,344
https://fbs.qau.edu.pk/overview/,345
https://fbs.qau.edu.pk/contact-us/,346
http://qau.edu.pk,347
http://gmail.qau.edu.pk,348
http://qau.edu.pk/introduction/,349
http://qau.edu.pk/mission/,350
http://qau.edu.pk/vision-statement/,351
http://qau.edu.pk/fees-structure/,352
http://qau.edu.pk/facilities-qau/,353
http://qau.edu.pk/core-values-qau/,354
http://qau.edu.pk/life-at-campus/,355
http://qau.edu.pk/financial-assistancescholarships/,356
http://qau.edu.pk/message-from-the-admissions-office/,357
http://qau.edu.pk/affiliated-colleges/,358
http://qau.edu.pk/qau-googlemap/,359
https://fns.qau.edu.pk/introduction/,360
https://fns.qau.edu.pk/message/,361
https://fns.qau.edu.pk/functions/,362
https://fns.qau.edu.pk/deans-1971-and-onwards/,363
https://fns.qau.edu.pk/staff/,364
https://fns.qau.edu.pk/students-research-thesis/,365
https://fns.qau.edu.pk/books-2/,366
https://fns.qau.edu.pk/projects/,367
https://fns.qau.edu.pk/publications/,368
https://fns.qau.edu.pk/articles/,369
https://fns.qau.edu.pk/news-events/,370
https://fns.qau.edu.pk/overview/,371
https://fns.qau.edu.pk/contact-us/,372
http://geo.qau.edu.pk/,373
http://ele.qau.edu.pk/,374
https://fss.qau.edu.pk/introduction/,375
https://fss.qau.edu.pk/message/,376
https://fss.qau.edu.pk/functions/,377
https://fss.qau.edu.pk/deans-1971-and-onwards/,378
https://fss.qau.edu.pk/staff/,379
http://ijss.qau.edu.pk/,380
http://eco.qau.edu.pk/per/,381
https://pjprnip.edu.pk/,382
https://fss.qau.edu.pk/students-research-thesis/,383
https://fss.qau.edu.pk/books-2/,384
https://fss.qau.edu.pk/projects/,385
https://fss.qau.edu.pk/publications/,386
https://fss.qau.edu.pk/articles/,387
https://fss.qau.edu.pk/news-events/,388
https://fss.qau.edu.pk/overview/,389
https://fss.qau.edu.pk/contact-us/,390
http://cegs.edu.pk/,391
http://nips.qau.edu.pk/,392
http://nip.edu.pk/,393
https://qau.edu.pk/list-of-passed-ph-d-students-for-8th-general-convocation/,394
https://qau.edu.pk/list-of-affiliated-institutes/,395
https://qau.edu.pk/list-of-graduates-awarded-chancellors-medals-8th-general-convocation/,396
https://qau.edu.pk/list-of-graduates-awarded-vice-chancellors-medals-for-8th-general-convocation/,397
https://qau.edu.pk/list-of-graduates-awarded-chancellors-medals-9th-general-convocation/,398
https://qau.edu.pk/list-of-graduates-awarded-vice-chancellors-medals-9th-general-convocation/,399
https://www.facebook.com/DSAQAU%20,400
https://www.facebook.com/QuaidianDramaticClub,401
https://www.facebook.com/qauartsociety,402
https://www.facebook.com/qaudls,403
https://www.facebook.com/QMC2019/,404
https://www.facebook.com/QAUSSociety,405
https://www.facebook.com/QAUMusicSociety,406
https://www.facebook.com/qaulibrarysociety,407
https://www.facebook.com/QAUPodcast,408
https://qau.edu.pk/category/2024/,409
https://qau.edu.pk/category/2024/mar-2024/,410
http://www.facebook.com/share.php?u=https://qau.edu.pk/2nd-international-buddhist-conference-and-art-festival-showcases-pakistans-rich-buddhist-heritage/,411
https://plus.google.com/share?url=https://qau.edu.pk/2nd-international-buddhist-conference-and-art-festival-showcases-pakistans-rich-buddhist-heritage/,412
http://www.linkedin.com/shareArticle?mini=true&url=https://qau.edu.pk/2nd-international-buddhist-conference-and-art-festival-showcases-pakistans-rich-buddhist-heritage/,413
https://qau.edu.pk/seminar-on-taxpayer-rights-and-privileges/,414
https://qau.edu.pk/report-on-seminar-on-israels-occupational-war-on-palestine/,415
https://qau.edu.pk/category/2023/,416
https://qau.edu.pk/category/2023/aug-2023/,417
http://www.facebook.com/share.php?u=https://qau.edu.pk/minister-for-planning-and-development-inaugurates-three-centers-to-produce-world-class-researchers-at-qau/,418
https://plus.google.com/share?url=https://qau.edu.pk/minister-for-planning-and-development-inaugurates-three-centers-to-produce-world-class-researchers-at-qau/,419
http://www.linkedin.com/shareArticle?mini=true&url=https://qau.edu.pk/minister-for-planning-and-development-inaugurates-three-centers-to-produce-world-class-researchers-at-qau/,420
https://qau.edu.pk/department-of-biochemistry-organized-1st-baqi-annual-research-day-bard-2023-on-august-02-2023/,421
https://qau.edu.pk/unfpa-solf-and-qau-join-hands-to-celebrate-international-youth-day-2023/,422
http://ugadmissions.qau.edu.pk/oas/app/signin.aspx,423
http://ugadmissions.qau.edu.pk/oas/app/register.aspx,424
http://ugadmissions.qau.edu.pk/oas/app/HowtoApply.html,425
http://ugadmissions.qau.edu.pk/oas/app/Aggregate_Calculator.html,426
http://ugadmissions.qau.edu.pk/oas/app/forgetpwd.aspx,427
https://qau.edu.pk/admission-notice-for-mphil-ms-programme-spring-semester-2024/,428
https://qau.edu.pk/subject-test-schedule-for-those-candidates-of-mphil-ms-mba-programs-who-have-missed-their-tests-of-spring-semester-2024/,429
https://qau.edu.pk/admission-notice-for-phd-programme-spring-semester-2024/,430
https://qau.edu.pk/subject-test-schedule-for-those-candidates-of-phd-programs-who-have-missed-their-tests-of-spring-semester-2024/,431
http://chem.qau.edu.pk,432
http://www.nip.edu.pk/,433
https://asc.qau.edu.pk/,434
http://qau.edu.pk/downloads/,435
http://qau.edu.pk/contact-list/,436
http://qau.edu.pk/events-qau/,437
http://qau.edu.pk/international-students/,438
http://qau.edu.pk/message-from-vc/,439
http://qau.edu.pk/message-from-dean-biological-sciences/,440
http://qau.edu.pk/message-from-dean-medicine/,441
http://qau.edu.pk/message-from-dean-natural-sciences/,442
http://qau.edu.pk/message-from-dean-social-sciences/,443
http://qau.edu.pk/message-from-registrar/,444
http://qau.edu.pk/libraries/,445
http://qau.edu.pk/transport/,446
http://qau.edu.pk/student-accommodation/,447
http://qau.edu.pk/games-and-sports/,448
http://qau.edu.pk/cafeteria-and-shops/,449
http://qau.edu.pk/utility-store/,450
http://qau.edu.pk/bank/,451
http://qau.edu.pk/mosque/,452
http://qau.edu.pk/campus-security/,453
http://qau.edu.pk/medical-services/,454
http://qau.edu.pk/postal-services/,455
http://qau.edu.pk/central-workshop/,456
http://qau.edu.pk/organization-chart/,457
http://qau.edu.pk/about-vc/,458
http://qau.edu.pk/syndicate/,459
http://qau.edu.pk/selection-board/,460
http://qau.edu.pk/vc-staff-member/,461
http://qau.edu.pk/about-the-registrar-office/,462
http://qau.edu.pk/stakeholders-of-the-registrar-office/,463
http://qau.edu.pk/broad-functions-of-the-registrar-office/,464
http://qau.edu.pk/registrar-office-sections/,465
http://qau.edu.pk/support-that-the-office-offers/,466
http://qau.edu.pk/what-is-handled-elsewhere/,467
http://qau.edu.pk/staff-member/,468
http://qau.edu.pk/office-of-the-treasurer/,469
http://qau.edu.pk/sections/,470
http://qau.edu.pk/functions/,471
http://qau.edu.pk/awards-financial-aid/,472
http://qau.edu.pk/tuition-fees/,473
http://qau.edu.pk/staff-members/,474
http://qau.edu.pk/academics-directorate/,475
http://qau.edu.pk/list-of-affiliated-institutes-qau/,476
http://qau.edu.pk/examinations-office/,477
http://qau.edu.pk/rules-regulations-relating-to-bs-lateral-entry-programme/,478
http://qau.edu.pk/rules-regulations-for-b-a-ll-b5-years/,479
http://qau.edu.pk/regulations-relating-to-doctor-of-pharmacy-pharm-d/,480
http://qau.edu.pk/rules-regulations-relating-to-bs-program-morning-evening/,481
http://qau.edu.pk/msc-mba-mpa-examinations-rules/,482
http://qau.edu.pk/mphil-examination-rules/,483
http://qau.edu.pk/phd-procedures/,484
http://qau.edu.pk/convocations/,485
http://qau.edu.pk/secrecy-section/,486
http://qau.edu.pk/list-of-graduates-awarded-medals/,487
http://qau.edu.pk/list-of-phds/,488
http://qau.edu.pk/staff-member-examinations/,489
http://qau.edu.pk/grant-of-affiliation/,490
http://qau.edu.pk/affiliation-procedure/,491
http://www.facebook.com/share.php?u=https://qau.edu.pk/quaid-i-azam-university-had-the-pleasure-of-welcoming-an-esteemed-panel-from-devsinc-the-fastest-growing-software-development-and-consulting-company-in-pakistan-committed-to-shaping-the-future-of-pa/,492
https://plus.google.com/share?url=https://qau.edu.pk/quaid-i-azam-university-had-the-pleasure-of-welcoming-an-esteemed-panel-from-devsinc-the-fastest-growing-software-development-and-consulting-company-in-pakistan-committed-to-shaping-the-future-of-pa/,493
http://www.linkedin.com/shareArticle?mini=true&url=https://qau.edu.pk/quaid-i-azam-university-had-the-pleasure-of-welcoming-an-esteemed-panel-from-devsinc-the-fastest-growing-software-development-and-consulting-company-in-pakistan-committed-to-shaping-the-future-of-pa/,494
http://www.facebook.com/share.php?u=https://qau.edu.pk/pakistani-scientists-reveal-genetic-clues-to-lower-covid-19-contagion/,495
https://plus.google.com/share?url=https://qau.edu.pk/pakistani-scientists-reveal-genetic-clues-to-lower-covid-19-contagion/,496
http://www.linkedin.com/shareArticle?mini=true&url=https://qau.edu.pk/pakistani-scientists-reveal-genetic-clues-to-lower-covid-19-contagion/,497
http://www.facebook.com/share.php?u=https://qau.edu.pk/qasms-qau-hosts-seminar-on-gender-inclusion-for-a-better-society/,498
https://plus.google.com/share?url=https://qau.edu.pk/qasms-qau-hosts-seminar-on-gender-inclusion-for-a-better-society/,499
http://www.linkedin.com/shareArticle?mini=true&url=https://qau.edu.pk/qasms-qau-hosts-seminar-on-gender-inclusion-for-a-better-society/,500
https://qau.edu.pk/tree-plantation-campaign-inaugurates-at-qau/,501
https://qau.edu.pk/categories/events/,502
http://www.facebook.com/share.php?u=https://qau.edu.pk/events/international-symposium-on-the-buddhist-heritage-of-gandhara/,503
https://plus.google.com/share?url=https://qau.edu.pk/events/international-symposium-on-the-buddhist-heritage-of-gandhara/,504
http://www.linkedin.com/shareArticle?mini=true&url=https://qau.edu.pk/events/international-symposium-on-the-buddhist-heritage-of-gandhara/,505
https://zoom.us/j/9905329,506
http://www.facebook.com/share.php?u=https://qau.edu.pk/events/youth-expo/,507
https://plus.google.com/share?url=https://qau.edu.pk/events/youth-expo/,508
http://www.linkedin.com/shareArticle?mini=true&url=https://qau.edu.pk/events/youth-expo/,509
http://www.facebook.com/share.php?u=https://qau.edu.pk/events/2nd-international-conference-and-art-festival-on-the-buddhist-heritage-of-pakistan/,510
https://plus.google.com/share?url=https://qau.edu.pk/events/2nd-international-conference-and-art-festival-on-the-buddhist-heritage-of-pakistan/,511
http://www.linkedin.com/shareArticle?mini=true&url=https://qau.edu.pk/events/2nd-international-conference-and-art-festival-on-the-buddhist-heritage-of-pakistan/,512
https://pakistanbuddhistheritage.org/registration/,513
https://pakistanbuddhistheritage.org/,514
http://oric.qau.edu.pk/wp-content/uploads/2011/09/industry_page_big.jpg,515
http://www.wit.ie/Research/ResearchGroupsCentres/Groups/SEAM/#d.en.34571,516
http://www.wit.ie/Research/ResearchGroupsCentres/Groups/PMBRC/,517
http://www.wit.ie/Research/ResearchGroupsCentres/Groups/EIRC/,518
http://www.wit.ie/Research/IndustryServicesampTechnologyTransfer/CommercialisationofResearch/CommerciallyFocusedResearch/,519
http://oric.qau.edu.pk/wp-content/uploads/2011/09/projects.jpg,520
http://cs.qau.edu.pk/index.php,521
http://cs.qau.edu.pk/academics.php,522
http://cs.qau.edu.pk/research.php,523
http://cs.qau.edu.pk/f_projects.php,524
http://cs.qau.edu.pk/admissions.php,525
http://cs.qau.edu.pk/faculty.php,526
https://gdsc.community.dev/quaid-i-azam-university/,527
http://www.qau.edu.pk/,528
http://cs.qau.edu.pk/contactUs.php,529
https://qau.edu.pk/qauob/,530
https://www.facebook.com/QAUCSAlumniOfficial/,531
https://www.topuniversities.com/universities/quaid-i-azam-university,532
http://cs.qau.edu.pk/#carousel-example-generic,533
http://cs.qau.edu.pk/Phd.php,534
http://cs.qau.edu.pk/ms.php,535
http://cs.qau.edu.pk/mphil.php,536
http://cs.qau.edu.pk/ms-ds.php,537
http://cs.qau.edu.pk/Bs.php,538
http://mail.qau.edu.pk,539
http://media.qau.edu.pk,540
http://geo.qau.edu.pk/index.php,541
http://geo.qau.edu.pk/faculty.php,542
http://geo.qau.edu.pk/enrollstd.php,543
http://geo.qau.edu.pk/coursesgeo.php,544
http://geo.qau.edu.pk/staff.php,545
http://geo.qau.edu.pk/contact.php,546
http://ele.qau.edu.pk/index.php,547
https://qau.edu.pk/core-values/,548
http://ele.qau.edu.pk/index.php/undergraduate/bs-programme,549
http://ele.qau.edu.pk/index.php/undergraduate/management-sciences,550
http://ele.qau.edu.pk/index.php/layout/mphil-programme,551
http://ele.qau.edu.pk/index.php?option=com_content&view=article&layout=edit&id=174,552
http://ele.qau.edu.pk/index.php?option=com_content&view=article&layout=edit&id=175,553
http://ele.qau.edu.pk/index.php/layout/phd-programme,554
http://ele.qau.edu.pk/index.php/electronics-alumni,555
http://ele.qau.edu.pk/images/pictures/img-7257 small.jpg,556
http://ele.qau.edu.pk/images/pictures/IMGP2355.jpg,557
http://ele.qau.edu.pk/images/pictures/dsc_0104.jpg,558
http://ele.qau.edu.pk/index.php?layout=edit&id=158,559
http://ele.qau.edu.pk/index.php?layout=edit&id=159,560
http://ele.qau.edu.pk/index.php?layout=edit&id=160,561
http://ele.qau.edu.pk/index.php?layout=edit&id=161,562
http://ele.qau.edu.pk/index.php?layout=edit&id=165,563
http://ele.qau.edu.pk/index.php?layout=edit&id=84,564
http://ele.qau.edu.pk/index.php?layout=edit&id=152,565
http://ele.qau.edu.pk/index.php?layout=edit&id=151,566
http://ele.qau.edu.pk/index.php?layout=edit&id=153,567
http://ele.qau.edu.pk/index.php?layout=edit&id=156,568
http://ele.qau.edu.pk/index.php?id=133,569
http://ele.qau.edu.pk/index.php/time-table,570
http://ele.qau.edu.pk/index.php/faculty,571
http://ele.qau.edu.pk/index.php/courses,572
http://ele.qau.edu.pk/index.php/staff,573
http://ele.qau.edu.pk/index.php/contact-us,574
http://iit.qau.edu.pk/index.php,575
http://iit.qau.edu.pk/programs.php,576
http://iit.qau.edu.pk/Faculty.php,577
http://iit.qau.edu.pk/event.php,578
http://iit.qau.edu.pk/research.php,579
http://iit.qau.edu.pk/alumni.php,580
http://iit.qau.edu.pk/contact.php,581
http://iit.qau.edu.pk/#bootcarousel,582
http://iit.qau.edu.pk/bs-programs.php,583
http://iit.qau.edu.pk/ms-programs.php,584
https://www.youtube.com/watch?v=FxMN1ciFTcs,585
https://www.facebook.com/people/Department-of-Mathematics-QAU/100092247234701/?mibextid=ZbWKwL,586
https://instagram.com/math_department_qau?igshid=MzNlNGNkZWQ4Mg==,587
http://math.qau.edu.pk/about-us/,588
http://math.qau.edu.pk/about-us/our-team/,589
http://math.qau.edu.pk/faculty/,590
http://math.qau.edu.pk/programs/,591
http://math.qau.edu.pk/programs/bs-program/,592
http://math.qau.edu.pk/programs/bs-program-2/,593
http://math.qau.edu.pk/programs/m-phill-program/,594
http://math.qau.edu.pk/programs/phd-program/,595
http://math.qau.edu.pk/courses/,596
http://math.qau.edu.pk/courses/bs-courses/,597
http://math.qau.edu.pk/courses/m-phil-courses/,598
http://math.qau.edu.pk/thesis-supervised/mphil-produced/,599
http://math.qau.edu.pk/thesis-supervised/ph-d-produced/,600
http://math.qau.edu.pk/fellowship/,601
http://math.qau.edu.pk/resources/,602
http://lib.qau.edu.pk/index.php/e-books/,603
http://lib.qau.edu.pk/index.php/e-journals/,604
http://lib.qau.edu.pk/index.php/open-access-sources/,605
http://math.qau.edu.pk/student-life/,606
http://math.qau.edu.pk/alumni-association/,607
http://math.qau.edu.pk/mathematical-society/,608
http://math.qau.edu.pk/mathematical-society/ex-presidents-qms/,609
http://math.qau.edu.pk/mathematical-society/current-cabinet-qms/,610
http://math.qau.edu.pk/contact/,611
http://math.qau.edu.pk/about-us/message-from-chairman/,612
http://math.qau.edu.pk/bs-program/,613
http://math.qau.edu.pk/m-phill-program/,614
http://math.qau.edu.pk/phd-program/,615
http://math.qau.edu.pk/bs-courses/,616
http://math.qau.edu.pk/m-phil-courses/,617
http://math.qau.edu.pk,618
http://math.qau.edu.pk/latest-news/,619
http://math.qau.edu.pk/events/,620
http://math.qau.edu.pk/sitemap/,621
http://phys.qau.edu.pk/?page_id=4729,622
http://www.qau.edu.pk/?page_id=70,623
http://www.qau.edu.pk/?page_id=90,624
http://www.qau.edu.pk/?page_id=122,625
http://www.qau.edu.pk/?page_id=272,626
http://www.qau.edu.pk/?page_id=269,627
http://www.qau.edu.pk/?page_id=1184,628
http://www.qau.edu.pk/?page_id=1187,629
http://www.qau.edu.pk/?page_id=1351,630
http://www.qau.edu.pk/?page_id=1358,631
http://www.qau.edu.pk/?page_id=1360,632
http://www.qau.edu.pk/?page_id=1364,633
http://www.qau.edu.pk/?page_id=1370,634
http://www.qau.edu.pk/?page_id=1378,635
http://www.qau.edu.pk/?page_id=1383,636
http://www.qau.edu.pk/?page_id=1356,637
http://www.qau.edu.pk/?page_id=1387,638
http://www.qau.edu.pk/?page_id=1206,639
http://www.qau.edu.pk/?page_id=1210,640
http://www.qau.edu.pk/?page_id=1217,641
http://www.qau.edu.pk/?page_id=1320,642
http://www.qau.edu.pk/?page_id=1197,643
http://pakamstudies.wordpress.com/,644
http://ling.qau.edu.pk/,645
http://www.qau.edu.pk/?page_id=854,646
http://www.qau.edu.pk/?page_id=959,647
http://www.qau.edu.pk/?page_id=1076,648
http://www.qau.edu.pk/?page_id=1457,649
http://www.qau.edu.pk/?page_id=1472,650
http://www.qau.edu.pk/?page_id=1479,651
http://www.qau.edu.pk/?page_id=1501,652
http://www.qau.edu.pk/?page_id=1609,653
http://www.qau.edu.pk/?page_id=1557,654
http://www.qau.edu.pk/?page_id=1569,655
http://www.qau.edu.pk/?page_id=1099,656
http://www.qau.edu.pk/?page_id=1695,657
http://www.qau.edu.pk/?page_id=1702,658
http://www.qau.edu.pk/?page_id=1719,659
http://jobs.qau.edu.pk,660
http://www.qau.edu.pk/?page_id=1786,661
http://phys.qau.edu.pk/?page_id=4735,662
http://phys.qau.edu.pk/?page_id=8892,663
http://phys.qau.edu.pk/?page_id=8898,664
http://phys.qau.edu.pk/?page_id=4739,665
http://phys.qau.edu.pk/?page_id=8923,666
http://phys.qau.edu.pk/?page_id=9152,667
http://phys.qau.edu.pk/?page_id=4733,668
http://phys.qau.edu.pk/?page_id=5102,669
http://phys.qau.edu.pk/?page_id=9033,670
http://phys.qau.edu.pk/?page_id=9003,671
http://phys.qau.edu.pk/?page_id=8987,672
http://phys.qau.edu.pk/?page_id=9018,673
http://phys.qau.edu.pk/?page_id=9101,674
http://phys.qau.edu.pk/?page_id=9065,675
http://phys.qau.edu.pk/lp.php,676
http://phys.qau.edu.pk/?page_id=9060,677
http://phys.qau.edu.pk/?page_id=9083,678
http://phys.qau.edu.pk/?page_id=9074,679
http://phys.qau.edu.pk/psmp.php,680
http://stat.qau.edu.pk/index.php,681
http://stat.qau.edu.pk/vision.php,682
http://stat.qau.edu.pk/faculty.php,683
http://stat.qau.edu.pk/enrollstd.php,684
http://stat.qau.edu.pk/coursesgeo.php,685
http://stat.qau.edu.pk/staff.php,686
http://stat.qau.edu.pk/contact.php,687
http://zoo.qau.edu.pk/index.php,688
http://zoo.qau.edu.pk/faculty.php,689
http://zoo.qau.edu.pk/mphilphd.php,690
http://zoo.qau.edu.pk/staff.php,691
http://zoo.qau.edu.pk/object.php,692
http://zoo.qau.edu.pk/market.php,693
http://zoo.qau.edu.pk/contact.php,694
http://bch.qau.edu.pk/index.php,695
http://bch.qau.edu.pk/coursesgeo.php,696
http://bch.qau.edu.pk/staff.php,697
http://bch.qau.edu.pk/contact.php,698
http://bit.qau.edu.pk/department/,699
http://bit.qau.edu.pk/department/about/,700
http://bit.qau.edu.pk/department/people/,701
http://bit.qau.edu.pk/department/people/faculty-members/,702
http://bit.qau.edu.pk/department/people/department-staff/,703
http://bit.qau.edu.pk/department/people/students/,704
http://bit.qau.edu.pk/department/people/biotechnology-society/,705
http://bit.qau.edu.pk/department/people/alumni/,706
http://bit.qau.edu.pk/department/degrees/,707
http://bit.qau.edu.pk/department/degrees/bs-hons-biotechnology/,708
http://bit.qau.edu.pk/department/degrees/m-phil-biotechnology/,709
http://bit.qau.edu.pk/department/degrees/ph-d-biotechnology/,710
http://bit.qau.edu.pk/department/research/,711
http://bit.qau.edu.pk/department/research/publications/,712
http://bit.qau.edu.pk/department/research/research-projects/,713
http://bit.qau.edu.pk/department/research/research-areas/,714
http://bit.qau.edu.pk/department/research/research-areas/plant-biotechnology/,715
http://bit.qau.edu.pk/department/research/research-areas/medical-biotechnology/,716
http://bit.qau.edu.pk/department/research/research-areas/nanobiotechnology/,717
http://bit.qau.edu.pk/department/research/research-areas/environmental-biotechnology/,718
http://bit.qau.edu.pk/department/admin/,719
http://bit.qau.edu.pk/#myCarousel,720
http://bit.qau.edu.pk/department/?page_id=415,721
http://bit.qau.edu.pk/department/?page_id=417,722
http://bit.qau.edu.pk/department/?page_id=419,723
http://qau.edu.pk/,724
http://ncb.qau.edu.pk/?font_size=big,725
http://ncb.qau.edu.pk/?font_size=reset,726
http://ncb.qau.edu.pk/?font_size=small,727
http://ncb.qau.edu.pk/index.php/admissions/mphil.html,728
http://ncb.qau.edu.pk/index.php/admissions/phd.html,729
http://ncb.qau.edu.pk/index.php/admissions/2016-08-16-05-55-13.html,730
http://ncb.qau.edu.pk/index.php/programmes.html,731
http://ncb.qau.edu.pk/index.php/people/faculty.html,732
http://ncb.qau.edu.pk/index.php/people/staff.html,733
http://ncb.qau.edu.pk/index.php/people/students/mphil/first-semester.html,734
http://ncb.qau.edu.pk/index.php/people/students/mphil/second-semester.html,735
http://ncb.qau.edu.pk/index.php/people/students/mphil/third-semester.html,736
http://ncb.qau.edu.pk/index.php/people/students/mphil/fourth-semester.html,737
http://ncb.qau.edu.pk/index.php/people/students/phd/phdlist.html,738
http://ncb.qau.edu.pk/index.php/people/alumni/mphil-fall-2010.html,739
http://ncb.qau.edu.pk/index.php/people/alumni/spring-2011.html,740
http://ncb.qau.edu.pk/index.php/people/binsa.html,741
http://ncb.qau.edu.pk/index.php/news-events.html,742
http://ncb.qau.edu.pk/index.php/gallery.html,743
http://ncb.qau.edu.pk/index.php/contact-us.html,744
http://ncb.qau.edu.pk/index.php/news-events/224-rajobdrsajid.html,745
http://ncb.qau.edu.pk/index.php/news-events/223-job-alertss.html,746
http://ncb.qau.edu.pk/index.php/news-events/221-visitingbs.html,747
http://ncb.qau.edu.pk/index.php/13-news/222-orientationbookletqau.html,748
http://ncb.qau.edu.pk/index.php/13-news/218-computational-biology-lab.html,749
http://ncb.qau.edu.pk/index.php/13-news/211-chinavisit2019.html,750
http://ncb.qau.edu.pk/index.php/2-ncbqaued_db/1-introduction.html,751
http://ncb.qau.edu.pk/index.php/2-ncbqaued_db/1-introduction.html?tmpl=component&print=1&page=,752
http://ncb.qau.edu.pk/index.php/ncb-programmers,753
http://es.qau.edu.pk,754
http://es.qau.edu.pk/?page_id=2,755
http://es.qau.edu.pk/?page_id=39,756
http://es.qau.edu.pk/?page_id=42,757
http://es.qau.edu.pk/?page_id=61,758
http://es.qau.edu.pk/?page_id=90,759
http://es.qau.edu.pk/?page_id=63,760
http://es.qau.edu.pk/?page_id=65,761
http://es.qau.edu.pk/?page_id=177,762
http://es.qau.edu.pk/?page_id=180,763
http://es.qau.edu.pk/?page_id=184,764
http://es.qau.edu.pk/?page_id=188,765
http://es.qau.edu.pk/?page_id=72,766
http://es.qau.edu.pk/?page_id=129,767
http://es.qau.edu.pk/?page_id=149,768
http://es.qau.edu.pk/?page_id=74,769
http://es.qau.edu.pk/?page_id=126,770
http://es.qau.edu.pk/?page_id=76,771
http://es.qau.edu.pk/?page_id=296,772
http://es.qau.edu.pk/?page_id=274,773
http://es.qau.edu.pk/?page_id=252,774
http://es.qau.edu.pk/?page_id=67,775
http://es.qau.edu.pk/?page_id=118,776
http://www.qau.edu.pk/?page_id=2614,777
"http://maps.google.com/maps?f=q&source=embed&hl=en&geocode=&q=Quaid-i-Azam+University+Islamabad,+Islamabad,+Islamabad+Capital+Territory,+Pakistan&aq=1&oq=Quaid-i-Azam+Univer&sll=37.0625,-95.677068&sspn=52.152749,79.013672&ie=UTF8&hq=Quaid-i-Azam+University+Islamabad,&hnear=Islamabad,+Islamabad+Capital+Territory,+Pakistan&ll=33.713769,73.103144&spn=0.087221,0.109549&t=m",778
http://mic.qau.edu.pk/index.php,779
http://mic.qau.edu.pk/faculty.php,780
http://mic.qau.edu.pk/coursesmsc.php,781
http://mic.qau.edu.pk/degree.php,782
http://mic.qau.edu.pk/phdadmission.php,783
http://mic.qau.edu.pk/research.php,784
http://mic.qau.edu.pk/market.php,785
http://www.qau.edu.pk/AlumniAssociation/Alumni/index.php,786
http://mic.qau.edu.pk/staff.php,787
http://mic.qau.edu.pk/contact.php,788
http://mic.qau.edu.pk/news.php,789
http://bps.qau.edu.pk/index.php,790
http://bps.qau.edu.pk/faculty.php,791
http://bps.qau.edu.pk/enrollstd.php,792
http://bps.qau.edu.pk/coursesgeo.php,793
http://bps.qau.edu.pk/staff.php,794
http://bps.qau.edu.pk/contact.php,795
http://pharm.qau.edu.pk,796
http://pharm.qau.edu.pk/?page_id=14,797
http://pharm.qau.edu.pk/?page_id=21,798
http://pharm.qau.edu.pk/?page_id=108,799
http://pharm.qau.edu.pk/?page_id=42,800
http://pharm.qau.edu.pk/?page_id=25,801
http://anth.qau.edu.pk/#content,802
http://anth.qau.edu.pk/?page_id=730,803
http://anth.qau.edu.pk/?page_id=33,804
http://anth.qau.edu.pk/?page_id=39,805
http://anth.qau.edu.pk/?page_id=732,806
http://anth.qau.edu.pk/?page_id=734,807
http://anth.qau.edu.pk/?page_id=828,808
http://anth.qau.edu.pk/?page_id=851,809
http://anth.qau.edu.pk/?page_id=864,810
http://anth.qau.edu.pk/?page_id=768,811
http://anth.qau.edu.pk/?page_id=772,812
http://anth.qau.edu.pk/?page_id=491,813
http://anth.qau.edu.pk/wp-content/uploads/2023/07/mphil_ant.pdf,814
http://anth.qau.edu.pk/wp-content/uploads/2023/07/phd_ant.pdf,815
http://anth.qau.edu.pk/?page_id=572,816
http://anth.qau.edu.pk/?page_id=65,817
http://anth.qau.edu.pk/?page_id=57,818
http://anth.qau.edu.pk/?page_id=718,819
http://anth.qau.edu.pk/?page_id=736,820
https://www.facebook.com/Anthropologyqau/,821
http://tiac.qau.edu.pk/introduction/,822
http://tiac.qau.edu.pk/vision/,823
http://tiac.qau.edu.pk/mission/,824
http://tiac.qau.edu.pk/objectives/,825
http://tiac.qau.edu.pk/aims-and-scope/,826
http://tiac.qau.edu.pk/international-collaboration/,827
http://tiac.qau.edu.pk/activities/,828
http://tiac.qau.edu.pk/facilities/,829
http://tiac.qau.edu.pk/ahmad-hassan-dani-memorial-library/,830
http://tiac.qau.edu.pk/museum-of-archaeology-ethnology/,831
http://tiac.qau.edu.pk/computer-lab/,832
http://tiac.qau.edu.pk/bs-2/,833
http://tiac.qau.edu.pk/bs-tourism-management/,834
http://tiac.qau.edu.pk/m-sc/,835
http://tiac.qau.edu.pk/m-phil-ph-d-asian-studies/,836
http://tiac.qau.edu.pk/faculty/,837
http://tiac.qau.edu.pk/publications/,838
http://tiac.qau.edu.pk/rediscovering-a-shared-spiritual-heritage-international-conference-on-buddhism-in-pakistan/,839
http://tiac.qau.edu.pk/picture-gallery/,840
http://qasms.qau.edu.pk/index.php,841
http://qasms.qau.edu.pk/object.php,842
http://qasms.qau.edu.pk/faculty.php,843
http://qasms.qau.edu.pk/gsp.php,844
http://qasms.qau.edu.pk/coursesbba.php,845
http://qasms.qau.edu.pk/samplepapers.php,846
http://qasms.qau.edu.pk/gp.php,847
http://qasms.qau.edu.pk/degree_requiremnt.php,848
http://qasms.qau.edu.pk/program.php,849
http://qasms.qau.edu.pk/marketability.php,850
http://qasms.qau.edu.pk/facilities.php,851
http://qasms.qau.edu.pk/alumni.php,852
http://qasms.qau.edu.pk/staff.php,853
http://qasms.qau.edu.pk/contact.php,854
http://dss.qau.edu.pk/home/introduction/,855
http://dss.qau.edu.pk/home/vision-mission/,856
http://dss.qau.edu.pk/?cat=48,857
http://dss.qau.edu.pk/job-prospects/,858
http://dss.qau.edu.pk/home/staff/,859
http://dss.qau.edu.pk/faculty/,860
http://dss.qau.edu.pk/b-s/,861
http://dss.qau.edu.pk/m-sc/,862
http://dss.qau.edu.pk/m-phil/,863
http://dss.qau.edu.pk/ph-d/,864
http://dss.qau.edu.pk/m-sc-researches/,865
http://dss.qau.edu.pk/m-phil-researches/,866
http://dss.qau.edu.pk/ph-d-researches/,867
http://dss.qau.edu.pk/bait-ul-mal/,868
http://dss.qau.edu.pk/?cat=43,869
http://dss.qau.edu.pk/?cat=45,870
http://dss.qau.edu.pk/?cat=46,871
http://dss.qau.edu.pk/?cat=47,872
http://dss.qau.edu.pk/category/achievements/,873
http://dss.qau.edu.pk/directory/,874
http://dss.qau.edu.pk/dss-society-by-laws/,875
http://dss.qau.edu.pk/membership-form/,876
http://dss.qau.edu.pk,877
http://dss.qau.edu.pk/contact/,878
http://dss.qau.edu.pk/?page_id=312,879
http://dss.qau.edu.pk/international-conference-on-pakistan-russia-relations-amid-transforming-global-order-by-strategic-vision-institute/,880
http://dss.qau.edu.pk/international-conference-on-pakistan-russia-relations-amid-transforming-global-order-by-strategic-vision-institute/#respond,881
http://dss.qau.edu.pk/3164-2/,882
http://dss.qau.edu.pk/3164-2/#respond,883
http://dss.qau.edu.pk/dss-trip-to-ramli/,884
http://dss.qau.edu.pk/dss-trip-to-ramli/#respond,885
http://dss.qau.edu.pk/visiting-faculty-required/,886
http://dss.qau.edu.pk/visiting-faculty-required/#respond,887
http://dss.qau.edu.pk/list-of-m-phil-dss-qulaified-applicants-for-interview/,888
http://dss.qau.edu.pk/list-of-m-phil-dss-qulaified-applicants-for-interview/#respond,889
http://dss.qau.edu.pk/?page_id=782,890
http://dss.qau.edu.pk/?page_id=1687,891
http://eco.qau.edu.pk/#content,892
http://eco.qau.edu.pk/seminars-and-conferences/,893
http://eco.qau.edu.pk/per,894
http://eco.qau.edu.pk/50yearsofsoe.pdf,895
https://www.facebook.com/groups/1720943044854874/,896
http://eco.qau.edu.pk/an-overview-of-school-of-economics/,897
http://eco.qau.edu.pk/introduction/,898
http://eco.qau.edu.pk/our-mission/,899
http://eco.qau.edu.pk/our-objectives/,900
http://eco.qau.edu.pk/message-from-vc/,901
http://eco.qau.edu.pk/message-from-dean/,902
http://eco.qau.edu.pk/message-from-director/,903
http://eco.qau.edu.pk/facultyeco/,904
http://eco.qau.edu.pk/staff/,905
http://eco.qau.edu.pk/student-life/,906
http://eco.qau.edu.pk/alumni/,907
http://eco.qau.edu.pk/alumni/the-pioneers/,908
http://eco.qau.edu.pk/alumni/ph-d-graduates/,909
http://eco.qau.edu.pk/gallery/,910
http://eco.qau.edu.pk/chairpersons/,911
http://eco.qau.edu.pk/directors/,912
http://eco.qau.edu.pk/news-events/,913
http://eco.qau.edu.pk/contact/,914
http://eco.qau.edu.pk/scheme-of-studies-for-bs-economics/,915
http://eco.qau.edu.pk/rules-and-regulations-for-bs-economics/,916
http://eco.qau.edu.pk/bs-admissions/,917
http://eco.qau.edu.pk//bs-economics/roll-of-honor/,918
http://eco.qau.edu.pk//queries-bs/,919
http://eco.qau.edu.pk/scheme-of-studies-for-m-phil-economics/,920
http://eco.qau.edu.pk/rules-for-mphil-economics/,921
http://eco.qau.edu.pk/admissions-in-mphil-economics/,922
http://eco.qau.edu.pk/mphil-graduates/,923
http://eco.qau.edu.pk/queries-mphil/,924
http://eco.qau.edu.pk/scheme-of-studies-for-phd-economics/,925
http://eco.qau.edu.pk/rules-and-regulations-for-phd-economics/,926
http://eco.qau.edu.pk/admissions-in-phd-economics/,927
http://eco.qau.edu.pk/phd-graduates/,928
http://eco.qau.edu.pk/queries-phd/,929
http://english.qau.edu.pk/index.php,930
http://english.qau.edu.pk/contactus.php,931
http://english.qau.edu.pk/courses.php,932
http://english.qau.edu.pk/facilities.php,933
http://english.qau.edu.pk/news.php,934
http://english.qau.edu.pk/faculty.php,935
http://english.qau.edu.pk/mediarepresentation.php,936
http://english.qau.edu.pk/IndigenousPakistaniliterature.php,937
http://english.qau.edu.pk/computationallinguistics.php,938
http://english.qau.edu.pk/english.php,939
http://english.qau.edu.pk,940
http://hist.qau.edu.pk,941
http://hist.qau.edu.pk/about-us/,942
http://hist.qau.edu.pk/latest-news/,943
http://hist.qau.edu.pk/events/,944
http://hist.qau.edu.pk/sitemap/,945
http://hist.qau.edu.pk/contact/,946
http://hist.qau.edu.pk/faculty/,947
http://hist.qau.edu.pk/our-team/,948
http://hist.qau.edu.pk/bs-program/,949
http://hist.qau.edu.pk/m-phill-program/,950
http://hist.qau.edu.pk/phd-program/,951
http://hist.qau.edu.pk/bs-courses/,952
http://hist.qau.edu.pk/m-phil-courses/,953
http://hist.qau.edu.pk/phd-courses/,954
http://hist.qau.edu.pk/thesis-supervised/,955
http://hist.qau.edu.pk/participations/,956
http://hist.qau.edu.pk/conference-and-seminars/,957
http://hist.qau.edu.pk/fellowship/,958
http://hist.qau.edu.pk/student-life/,959
http://hist.qau.edu.pk/our-pride/,960
http://hist.qau.edu.pk/achievements/,961
http://hist.qau.edu.pk/alumni-association/,962
http://hist.qau.edu.pk/history-society/,963
https://www.facebook.com/SPIRQAU/,964
http://spir.qau.edu.pk,965
http://spir.qau.edu.pk/?page_id=220,966
http://spir.qau.edu.pk/?page_id=677,967
http://spir.qau.edu.pk/?page_id=630,968
http://spir.qau.edu.pk/?page_id=244,969
http://spir.qau.edu.pk/?page_id=250,970
http://spir.qau.edu.pk/?page_id=198,971
http://spir.qau.edu.pk/?page_id=321,972
http://spir.qau.edu.pk/?p=854,973
http://spir.qau.edu.pk/?p=848,974
http://spir.qau.edu.pk/?p=821,975
http://spir.qau.edu.pk/?p=804,976
http://spir.qau.edu.pk/?p=744,977
http://spir.qau.edu.pk/AboutSPIR.pdf,978
http://spir.qau.edu.pk/?cat=12,979
http://spir.qau.edu.pk/?p=833,980
http://spir.qau.edu.pk/?p=828,981
http://spir.qau.edu.pk/SPIRFACTSHEET.pdf,982
http://spir.qau.edu.pk/globalcampusprogramfinal.pdf,983
http://prospectus.qau.edu.pk/,984
http://query@finances.com,985
http://law.qau.edu.pk/staff/,986
http://law.qau.edu.pk/contact-us/,987
http://law.qau.edu.pk,988
http://law.qau.edu.pk/faculty/,989
http://law.qau.edu.pk/ba-ll-b/,990
http://law.qau.edu.pk/ll-m/,991
http://law.qau.edu.pk/ph-d-in-law/,992
http://law.qau.edu.pk/certificate-courses-programme/,993
http://law.qau.edu.pk/moots-mock-trials-and-extra-curricular-activities/,994
http://law.qau.edu.pk/law-societies-centers/,995
http://law.qau.edu.pk/ba-ll-b-programme/,996
http://law.qau.edu.pk/ll-m-programme/,997
http://law.qau.edu.pk/certificate-courses/,998
http://law.qau.edu.pk/scholarships/,999
http://law.qau.edu.pk/#ekit_modal-popup-04c98eb,1000
